City_ID,City,Country,Lat,Lng,Max Temp,Humidity,Cloudiness,Wind Speed
0,Gigmoto,PH,13.7796,124.39,79.12,95,100,29.19
1,Orcotuna,PE,-11.9667,-75.3333,55.92,42,17,2.46
2,Erzin,TR,36.9559,36.2,63.86,34,11,3.56
3,Thompson,CA,55.7435,-97.8558,41.16,60,75,10.36
4,Chuy,UY,-33.6971,-53.4616,63.63,76,68,8.68
5,Kapaa,US,22.0752,-159.319,85.98,76,75,10.36
6,Busselton,AU,-33.65,115.3333,53.98,78,100,13.11
7,Albany,US,42.6001,-73.9662,41.72,72,100,1.54
8,Rikitea,PF,-23.1203,-134.9692,73.85,80,100,8.77
9,Georgetown,MY,5.4112,100.3354,80.24,90,20,3.44
10,Panjab,AF,34.388,67.0233,34.36,45,0,3.51
11,Souillac,MU,-20.5167,57.5167,71.98,88,75,3.44
12,New Norfolk,AU,-42.7826,147.0587,56.71,67,73,5.01
13,Kasamwa,TZ,-2.85,32.4333,67.89,84,98,2.73
14,Tasiilaq,GL,65.6145,-37.6368,34.5,85,100,5.32
15,Port Alfred,ZA,-33.5906,26.891,62.19,85,99,7.0
16,Freeport,US,40.6576,-73.5832,53.96,64,75,1.01
17,Wyndham,US,37.6985,-77.6125,57.11,78,100,3.0
18,Sao Gabriel,BR,-30.3364,-54.32,64.62,55,0,4.72
19,Luderitz,NA,-26.6481,15.1594,58.03,86,0,10.83
20,Beringovskiy,RU,63.05,179.3167,14.76,69,19,14.5
21,Punta Arenas,CL,-53.15,-70.9167,39.31,87,40,24.16
22,Faanui,PF,-16.4833,-151.75,79.86,74,25,10.51
23,Port Blair,IN,11.6667,92.75,81.95,78,95,9.48
24,Suntar,RU,62.1444,117.6319,17.35,82,100,5.06
25,Jamestown,US,42.097,-79.2353,42.19,47,100,1.01
26,Tiksi,RU,71.6872,128.8694,1.76,94,94,10.76
27,Sitka,US,57.0531,-135.33,39.09,81,100,10.36
28,East London,ZA,-33.0153,27.9116,63.86,77,100,21.72
29,Ahipara,NZ,-35.1667,173.1667,70.88,71,59,12.66
30,San Cristobal,VE,7.7669,-72.225,69.98,96,31,3.49
31,Marovoay,MG,-16.1,46.6333,75.97,87,53,3.69
32,Puerto Ayora,EC,-0.7393,-90.3518,66.54,91,67,5.01
33,Ushuaia,AR,-54.8,-68.3,38.86,65,40,14.97
34,Chokurdakh,RU,70.6333,147.9167,-7.62,99,81,7.29
35,Fez,MA,34.0372,-4.9998,64.65,31,0,9.22
36,Mataura,NZ,-46.1927,168.8643,75.29,45,100,3.36
37,Belmonte,BR,-15.8631,-38.8828,76.24,87,56,10.36
38,Satana,IN,20.5833,74.2,66.29,57,0,3.38
39,Comodoro Rivadavia,AR,-45.8667,-67.5,53.46,28,0,25.32
40,Kahului,US,20.8947,-156.47,89.62,62,40,24.16
41,Timizart,DZ,36.8,4.2667,67.12,37,9,5.53
42,Hermanus,ZA,-34.4187,19.2345,61.81,84,100,11.74
43,Bom Sucesso,BR,-21.0331,-44.7581,66.65,83,99,3.0
44,Cherskiy,RU,68.75,161.3,10.67,95,100,8.52
45,Dikson,RU,73.5069,80.5464,14.63,96,51,3.78
46,Nantucket,US,41.2835,-70.0995,52.14,82,30,20.0
47,Calbuco,CL,-41.768,-73.1273,47.41,86,100,13.96
48,Florence,IT,43.7667,11.25,67.1,87,0,2.3
49,Hamilton,US,39.1834,-84.5333,57.22,61,0,1.99
50,Carnarvon,AU,-24.8667,113.6333,67.28,61,61,22.01
51,Nikolskoye,RU,59.7035,30.7861,51.69,97,100,6.38
52,Provideniya,RU,64.3833,-173.3,18.12,74,18,7.45
53,Kilindoni,TZ,-7.9139,39.6668,76.96,81,88,10.71
54,Cape Town,ZA,-33.9258,18.4232,64.11,78,0,8.05
55,Vaini,TO,-21.2,-175.2,78.96,78,75,14.97
56,Butaritari,KI,3.0707,172.7902,81.82,70,34,15.84
57,Hasaki,JP,35.7333,140.8333,64.29,59,5,20.15
58,Avarua,CK,-21.2078,-159.775,77.05,69,75,16.11
59,San Patricio,US,28.017,-97.5169,71.91,49,0,12.75
60,Aykhal,RU,66.0,111.5,1.2,91,100,6.06
61,Bluff,NZ,-46.6,168.3333,60.66,77,100,9.55
62,Narsaq,GL,60.9167,-46.05,32.63,99,100,8.21
63,Ponta Do Sol,PT,32.6667,-17.1,72.01,87,20,4.81
64,Husavik,IS,66.0449,-17.3389,32.54,78,100,13.38
65,Fethiye,TR,36.6217,29.1164,58.87,49,2,6.02
66,Avera,US,33.194,-82.5271,62.65,65,100,8.28
67,Norman Wells,CA,65.282,-126.8329,17.64,86,100,2.3
68,Nena,PH,11.7658,125.4178,80.33,85,100,18.5
69,Ulagan,RU,50.6321,87.9563,15.53,93,81,2.21
70,Praia,CV,14.9215,-23.5087,79.34,65,0,11.5
71,Airai,TL,-8.9266,125.4092,73.51,56,96,0.92
72,Arraial Do Cabo,BR,-22.9661,-42.0278,72.73,90,100,6.87
73,Pevek,RU,69.7008,170.3133,7.14,93,100,4.9
74,Bredasdorp,ZA,-34.5322,20.0403,57.9,91,82,9.01
75,Abonnema,NG,4.7084,6.7931,76.95,89,100,4.09
76,Kankon,IN,15.0167,74.0167,79.52,64,88,4.45
77,Gizo,SB,-8.103,156.8419,83.77,70,97,3.65
78,Yellowknife,CA,62.456,-114.3525,21.72,86,100,2.3
79,Bathsheba,BB,13.2167,-59.5167,79.41,89,75,6.91
80,Nagornskiy,RU,58.7731,57.5451,33.78,97,100,6.35
81,Shamary,RU,57.3434,58.2199,30.24,89,100,5.59
82,Tura,IN,25.5198,90.2201,66.76,93,3,3.38
83,La Rioja,ES,42.25,-2.5,58.78,44,100,8.25
84,Scarborough,GB,54.2797,-0.4044,52.92,88,100,11.01
85,Lebu,CL,-37.6167,-73.65,54.82,96,88,7.27
86,Igrim,RU,63.1906,64.4162,21.34,95,17,3.98
87,Hobyo,SO,5.3505,48.5268,78.82,78,12,4.7
88,Umm Kaddadah,SD,13.6017,26.6876,77.88,22,100,15.57
89,Lucea,JM,18.451,-78.1736,80.46,70,7,10.16
90,Henties Bay,NA,-22.116,14.2845,56.55,95,34,5.35
91,Calama,CL,-22.4667,-68.9333,59.49,13,0,12.66
92,Atuona,PF,-9.8,-139.0333,76.93,74,9,19.66
93,Clyde River,CA,70.4692,-68.5914,14.23,79,100,18.41
94,Dubai,AE,25.2582,55.3047,78.73,73,100,3.44
95,Klaksvik,FO,62.2266,-6.589,49.12,90,100,19.17
96,Muroto,JP,33.2833,134.15,64.62,66,0,16.31
97,Sao Filipe,CV,14.8961,-24.4956,80.19,72,100,6.26
98,Los Llanos De Aridane,ES,28.6585,-17.9182,72.12,47,0,5.99
99,Male,MV,4.1748,73.5089,81.32,74,23,9.73
100,Bucerias,MX,20.75,-105.3333,75.33,84,0,3.11
101,Merauke,ID,-8.4667,140.3333,88.5,50,20,6.06
102,Leningradskiy,RU,69.3833,178.4167,11.1,92,100,17.74
103,Damietta,EG,31.4165,31.8133,71.69,67,77,8.63
104,Qaanaaq,GL,77.484,-69.3632,-3.24,71,10,8.75
105,Katsuura,JP,35.1333,140.3,65.98,63,0,14.12
106,Brandon,US,27.9378,-82.2859,79.12,81,40,10.36
107,Pareora,NZ,-44.4871,171.2132,66.18,85,100,7.25
108,Tabas,IR,33.5959,56.9244,70.36,26,44,3.78
109,Isangel,VU,-19.55,169.2667,82.29,71,3,7.14
110,Golden,US,39.7555,-105.2211,51.66,46,0,4.61
111,Sterling,US,39.0062,-77.4286,54.9,82,0,5.01
112,Maniitsoq,GL,65.4167,-52.9,35.38,90,100,27.96
113,Tilichiki,RU,60.4667,166.1,13.26,77,7,6.73
114,Tvoroyri,FO,61.5556,-6.8111,48.07,93,100,28.77
115,Ust-Kuyga,RU,70.0167,135.6,-5.35,100,94,2.24
116,Mahebourg,MU,-20.4081,57.7,71.26,79,95,10.13
117,Shimoda,JP,34.6667,138.95,66.11,58,0,6.85
118,Pianco,BR,-7.1981,-37.9292,82.54,43,41,14.18
119,Port Hardy,CA,50.6996,-127.4199,48.78,88,100,10.56
120,Uyuni,BO,-20.4597,-66.825,44.02,14,0,8.66
121,Lavrentiya,RU,65.5833,-171.0,22.24,71,74,9.73
122,Soyo,AO,-6.1349,12.3689,77.9,84,85,5.88
123,Viedma,AR,-40.8135,-62.9967,56.57,38,100,7.85
124,Lagoa,PT,39.05,-27.9833,62.33,63,6,14.41
125,Torbay,CA,47.6666,-52.7314,44.58,62,5,1.99
126,San Isidro,PE,-12.1167,-77.05,61.02,83,100,11.5
127,Sungaipenuh,ID,-2.0833,101.3833,68.97,82,88,1.81
128,Korem,ET,12.5058,39.5228,50.18,61,9,2.71
129,Bilma,NE,18.6853,12.9164,71.1,23,0,11.74
130,Sal Rei,CV,16.1833,-22.9167,78.57,78,100,14.09
131,Smithers,CA,54.7804,-127.1743,38.77,88,100,5.37
132,Wanaka,NZ,-44.7,169.15,66.11,71,100,3.0
133,Karakol,KG,42.4907,78.3936,36.41,45,13,3.78
134,Olinda,BR,-8.0089,-34.8553,80.33,69,20,9.22
135,Coquimbo,CL,-29.9533,-71.3436,58.84,75,0,4.5
136,Pontian Kecil,MY,1.4801,103.3899,83.01,82,69,4.12
137,Mecca,SA,21.4267,39.8261,78.85,64,5,1.59
138,Bambous Virieux,MU,-20.3428,57.7575,71.85,88,75,3.44
139,Vardo,NO,70.3705,31.1107,35.58,87,100,23.02
140,Mardin,TR,37.3131,40.7436,51.82,41,73,9.71
141,Batemans Bay,AU,-35.7167,150.1833,67.1,35,0,6.11
142,Port Elizabeth,ZA,-33.918,25.5701,64.09,85,20,18.41
143,Oum Hadjer,TD,13.2954,19.6966,79.5,19,78,11.65
144,Woerden,NL,52.0833,4.8833,57.02,81,100,1.99
145,Alofi,NU,-19.0595,-169.9187,77.27,78,100,16.91
146,Saskylakh,RU,71.9167,114.0833,-0.89,92,97,8.61
147,Port Hueneme,US,34.1478,-119.1951,70.52,69,0,5.75
148,Nanortalik,GL,60.1432,-45.2371,34.81,94,100,10.89
149,Abu Kamal,SY,34.4506,40.9171,68.43,37,100,6.51
150,Blairgowrie,GB,56.5916,-3.3405,55.62,92,94,1.01
151,Longyearbyen,SJ,78.2186,15.6401,22.84,68,75,19.57
152,Ballina,AU,-28.8667,153.5667,80.78,40,0,4.16
153,Rantepao,ID,-2.9701,119.8978,70.95,95,100,0.36
154,Ilulissat,GL,69.2167,-51.1,33.82,100,100,2.3
155,Eastbourne,GB,50.7687,0.2845,60.12,92,100,1.01
156,Altus,US,34.6381,-99.334,55.47,89,100,4.61
157,Hilo,US,19.7297,-155.09,83.25,81,13,4.0
158,Talnakh,RU,69.4865,88.3972,20.21,92,100,17.11
159,Hobart,AU,-42.8794,147.3294,58.05,67,75,12.66
160,Brae,GB,60.3964,-1.353,52.93,88,48,21.77
161,Kirkland Lake,CA,48.1446,-80.0377,39.07,85,11,9.73
162,Dalbandin,PK,28.8947,64.4101,65.21,21,38,4.34
163,Riyadh,SA,24.6877,46.7219,74.98,17,4,4.74
164,Fevik,NO,58.3794,8.6766,52.09,74,97,18.03
165,Ostersund,SE,63.1792,14.6357,48.61,93,100,14.97
166,Lata,PT,40.1629,-8.3327,69.82,78,96,6.71
167,Gushikawa,JP,26.3544,127.8686,78.03,74,21,18.57
168,Deputatskiy,RU,69.3,139.9,1.04,91,100,4.25
169,Gotsu,JP,35.0,132.2167,61.03,57,28,13.67
170,Le Port,RE,-20.9373,55.2919,71.56,64,1,5.61
171,Aksarka,RU,66.5606,67.7975,19.47,84,18,13.06
172,Ribeira Grande,PT,38.5167,-28.7,58.77,66,80,5.99
173,Fortuna,US,40.5982,-124.1573,59.92,63,0,5.75
174,Sioux Lookout,CA,50.1001,-91.917,49.66,63,92,11.05
175,Brazzaville,CG,-4.2658,15.2832,71.35,94,99,2.13
176,Portland,US,45.5234,-122.6762,54.63,95,100,5.75
177,Tazovskiy,RU,67.4667,78.7,26.85,96,100,18.32
178,Bethel,US,41.3712,-73.414,48.65,68,100,3.96
179,The Valley,AI,18.217,-63.0578,82.81,78,100,17.98
180,Vestmannaeyjar,IS,63.4427,-20.2734,42.35,80,90,17.22
181,Bonthe,SL,7.5264,-12.505,77.77,86,96,3.0
182,Ossora,RU,59.2353,163.0719,27.82,59,8,5.21
183,Orumiyeh,IR,37.5527,45.0761,47.48,68,12,3.22
184,Altamira,BR,-3.2033,-52.2064,78.31,60,99,1.32
185,Barrow,US,71.2906,-156.7887,17.62,67,100,5.75
186,Makakilo City,US,21.3469,-158.0858,81.45,71,6,13.96
187,Jumla,NP,29.2747,82.1838,43.07,45,0,4.85
188,Saint-Pierre,RE,-21.3393,55.4781,70.92,64,20,8.05
189,Kyshtovka,RU,56.555,76.6271,26.89,94,98,10.56
190,Coihaique,CL,-45.5752,-72.0662,34.11,93,15,7.83
191,Nome,US,64.5011,-165.4064,24.12,79,37,5.12
192,Gazli,UZ,40.1333,63.45,54.3,52,91,4.09
193,Saint-Philippe,RE,-21.3585,55.7679,69.39,71,54,5.93
194,Laguna,US,38.421,-121.4238,70.43,36,0,5.75
195,Clarksburg,US,39.2807,-80.3445,54.05,69,0,0.0
196,Lompoc,US,34.6391,-120.4579,62.78,76,0,10.36
197,Denia,ES,38.8408,0.1057,69.48,88,100,3.0
198,Bow Island,CA,49.8668,-111.3684,49.48,43,100,17.92
199,Kodiak,US,57.79,-152.4072,35.6,58,100,15.08
200,Angoram,PG,-4.0625,144.0661,90.97,53,98,2.75
201,Korla,CN,41.7597,86.1469,47.14,43,0,10.4
202,Tautira,PF,-17.7333,-149.15,78.04,75,6,6.4
203,Saint George,US,37.1041,-113.5841,64.94,18,0,3.0
204,Ust-Omchug,RU,61.15,149.6333,15.37,73,100,4.59
205,Esperance,AU,-33.8667,121.9,62.06,61,100,13.78
206,Ayan,RU,56.45,138.1667,38.98,49,25,12.75
207,Bumba,CD,2.1833,22.4667,70.59,98,99,2.53
208,Manica,FR,49.0,-1.1667,61.86,75,100,7.9
209,Poronaysk,RU,49.2167,143.1167,36.0,93,100,8.16
210,Abha,SA,18.2164,42.5053,57.22,88,29,2.24
211,Seymchan,RU,62.8833,152.4333,1.49,86,100,3.11
212,Grosseto,IT,42.8333,11.25,65.17,71,0,3.98
213,Issoudun,FR,47.0,1.8333,61.45,82,0,4.61
214,Tigil,RU,57.8,158.6667,25.77,81,23,7.09
215,Sayyan,YE,15.1718,44.3244,49.06,30,6,3.38
216,Namibe,AO,-15.1961,12.1522,69.94,86,35,6.49
217,Richards Bay,ZA,-28.783,32.0377,66.81,64,96,4.05
218,Upernavik,GL,72.7868,-56.1549,19.92,67,98,28.03
219,Morondava,MG,-20.2833,44.2833,75.79,75,49,6.46
220,Payson,US,40.0444,-111.7321,50.4,53,1,5.01
221,Tianpeng,CN,30.9866,103.9393,55.58,92,100,3.67
222,Rundu,NA,-17.9333,19.7667,71.19,61,17,3.15
223,Cabo San Lucas,MX,22.8909,-109.9124,81.05,67,1,7.47
224,Harer,ET,9.3094,42.1258,57.11,39,5,5.48
225,Khatanga,RU,71.9667,102.5,-0.49,91,100,3.4
226,Sao Joao Da Barra,BR,-21.6403,-41.0511,75.16,88,100,3.27
227,Quezaltepeque,SV,13.835,-89.2744,70.05,90,5,2.66
228,Cockburn Town,TC,21.4612,-71.1419,82.78,71,0,14.0
229,Walvis Bay,NA,-22.9575,14.5053,57.09,97,23,7.65
230,Bandarbeyla,SO,9.4942,50.8122,78.3,80,20,10.63
231,Iqaluit,CA,63.7506,-68.5145,22.73,93,100,31.07
232,Mar Del Plata,AR,-38.0023,-57.5575,58.95,59,100,8.01
233,Leh,IN,34.1667,77.5833,28.78,43,4,1.68
234,Lagos,NG,6.5833,3.75,76.08,92,96,2.55
235,Oriximina,BR,-1.7656,-55.8661,79.97,54,100,3.49
236,Hay River,CA,60.8156,-115.7999,21.06,89,83,1.68
237,Cururupu,BR,-1.8283,-44.8683,75.29,89,80,4.45
238,Tuatapere,NZ,-46.1333,167.6833,69.62,56,100,1.63
239,Adrar,MR,20.5022,-10.0711,76.59,13,0,10.78
240,Fort-Shevchenko,KZ,44.5086,50.263,52.38,76,100,22.26
241,Kodinar,IN,20.7903,70.7031,75.42,53,0,5.5
242,Galveston,US,29.3669,-94.9669,71.69,93,100,4.0
243,Baijiantan,CN,45.6333,85.1833,38.34,55,98,7.65
244,Broome,US,42.2506,-75.833,49.01,66,0,3.44
245,Cidreira,BR,-30.1811,-50.2056,68.11,81,0,13.0
246,Auki,SB,-8.7676,160.7034,82.83,79,68,3.29
247,Padang,ID,-0.9492,100.3543,77.05,80,81,0.85
248,Nizhniy Kuranakh,RU,58.8353,125.4869,19.89,86,28,1.39
249,Birao,CF,10.2849,22.7882,73.13,38,99,3.62
250,Karaidel,RU,55.8337,56.9069,30.69,71,100,4.52
251,Marfino,RU,55.7028,37.3822,48.45,88,100,6.71
252,Conde,BR,-7.2597,-34.9075,76.46,83,40,6.91
253,Severo-Kurilsk,RU,50.6789,156.125,40.68,64,56,14.0
254,Shahr-E Babak,IR,30.1165,55.1186,57.18,32,0,5.66
255,Salisbury,GB,51.0693,-1.7957,60.44,94,75,9.22
256,Touros,BR,-5.1989,-35.4608,78.33,79,93,15.08
257,Portovelo,EC,-3.7167,-79.6167,70.05,84,87,0.74
258,Sabang,ID,5.8933,95.3214,80.94,78,100,5.99
259,Fuzhou,CN,26.0614,119.3061,73.45,60,74,8.59
260,Geraldton,AU,-28.7667,114.6,63.01,82,75,18.41
261,Aswan,EG,24.0934,32.907,72.48,33,2,9.73
262,Dingle,PH,10.9995,122.6711,77.74,90,100,23.64
263,Santa Rosa,PH,14.3122,121.1114,76.08,94,100,32.57
264,San Quintin,MX,30.4833,-115.95,65.93,68,0,11.3
265,Fairbanks,US,64.8378,-147.7164,15.22,79,99,2.01
266,Akdepe,TM,42.0551,59.3788,52.2,53,100,6.15
267,Beloha,MG,-25.1667,45.05,70.54,81,100,7.76
268,Pimentel,PE,-6.8367,-79.9342,63.05,81,100,12.82
269,Saldanha,ZA,-33.0117,17.9442,60.49,92,100,7.25
270,Pakxan,LA,18.3778,103.6601,73.35,69,10,5.17
271,Zaysan,KZ,47.4667,84.8667,24.17,72,8,4.88
272,Kununurra,AU,-15.7667,128.7333,94.98,41,2,5.75
273,Jawhar,SO,2.7809,45.5005,74.79,89,19,6.42
274,Mendota,US,36.7536,-120.3816,68.27,21,100,7.7
275,Areosa,PT,41.7178,-8.8571,63.72,91,100,19.91
276,Phan Thiet,VN,10.9333,108.1,80.13,72,99,3.74
277,Vila,PT,42.0304,-8.1588,52.68,95,99,8.79
278,Victoria,HK,22.2855,114.1577,78.24,70,5,8.99
279,Buchanan,LR,5.8808,-10.0467,76.75,88,17,2.46
280,Half Moon Bay,US,37.4636,-122.4286,63.79,74,0,17.27
281,Bajil,YE,15.0584,43.2851,80.47,68,10,2.86
282,Flinders,AU,-34.5833,150.8552,73.18,45,0,14.0
283,Lorengau,PG,-2.0226,147.2712,84.81,70,98,8.81
284,Kasongo-Lunda,CD,-6.4667,16.8167,70.47,97,100,1.52
285,Perth,AU,-31.9333,115.8333,60.67,71,75,9.22
286,Whitehorse,CA,60.7161,-135.0538,23.02,83,100,5.01
287,Russell,US,32.3502,-85.1999,65.97,63,0,5.75
288,Chapais,CA,49.7834,-74.8492,39.11,68,100,13.78
289,Sao Felix Do Xingu,BR,-6.6447,-51.995,76.33,81,100,1.21
290,Batsfjord,NO,70.6345,29.7185,37.33,86,100,19.57
291,Naze,JP,28.3667,129.4833,73.09,73,95,20.94
292,Castro,BR,-24.7911,-50.0119,64.42,80,22,3.4
293,Nago,JP,26.5881,127.9761,78.46,78,29,17.02
294,Muros,ES,42.7762,-9.0603,66.09,92,100,22.57
295,Jizan,SA,17.3333,42.6667,82.53,74,6,1.32
296,Belyy Yar,RU,53.6039,91.3903,28.85,73,0,11.18
297,Tolaga Bay,NZ,-38.3667,178.3,68.9,66,76,8.72
298,Arlit,NE,18.7369,7.3853,72.88,20,0,8.43
299,Batman,TR,37.8874,41.1322,44.4,81,0,0.0
300,Noumea,NC,-22.2763,166.4572,82.99,99,11,5.44
301,Kishapu,TZ,-3.6167,33.8667,74.97,38,96,12.77
302,Bay Roberts,CA,47.5999,-53.2648,45.34,59,0,5.01
303,Esfarayen,IR,37.0765,57.5101,54.36,59,51,2.82
304,Sao Miguel Do Araguaia,BR,-13.275,-50.1628,79.02,66,71,5.39
305,Dhupgari,IN,26.5858,89.0145,68.36,75,0,3.38
306,Lahij,YE,13.1667,44.5833,72.25,77,2,2.86
307,Salalah,OM,17.0151,54.0924,73.49,68,0,5.75
308,Shache,CN,38.4167,77.2406,51.71,32,81,1.48
309,Iralaya,HN,15.0,-83.2333,79.27,75,10,5.57
310,Ugep,NG,5.8086,8.0812,74.5,92,100,4.56
311,Lasa,IT,46.6166,10.7002,57.16,65,13,1.72
312,Saint-Malo,FR,48.5,-1.8333,64.35,86,100,12.17
313,Puerto Baquerizo Moreno,EC,-0.9,-89.6,67.15,85,85,12.84
314,Barranca,PE,-10.75,-77.7667,61.52,82,1,7.58
315,Westport,US,41.1415,-73.3579,50.76,61,0,8.05
316,Mabay,PH,6.0577,124.4666,79.7,87,100,0.92
317,Tomatlan,MX,19.9333,-105.25,73.96,91,0,1.34
318,Yerbogachen,RU,61.2767,108.0108,29.97,93,100,7.63
319,La Palma,US,33.8464,-118.0467,76.95,70,40,11.5
320,Mount Gambier,AU,-37.8333,140.7667,53.51,94,75,13.8
321,Winnemucca,US,40.973,-117.7357,55.45,19,0,4.61
322,Miles City,US,46.4083,-105.8406,47.37,53,0,8.05
323,Kruisfontein,ZA,-34.0033,24.7314,61.88,79,99,13.53
324,Huron,US,41.1501,-82.5499,49.73,79,2,6.71
325,Paamiut,GL,61.994,-49.6678,34.36,80,100,24.74
326,Mirnyy,RU,62.5353,113.9611,20.17,95,100,8.63
327,Xining,CN,36.6167,101.7667,40.98,81,100,1.3
328,Canchungo,GW,12.0672,-16.0333,78.91,86,100,6.06
329,Ancud,CL,-41.8697,-73.8203,46.54,87,100,14.54
330,Dicabisagan,PH,17.0818,122.4157,79.74,92,100,21.63
331,Eidsvag,NO,62.7767,8.0668,54.25,94,100,4.85
332,Langsa,ID,4.4683,97.9683,76.01,94,100,2.13
333,Volosovo,RU,59.4333,29.4833,49.84,98,100,7.14
334,Ngunguru,NZ,-35.6167,174.5,66.02,88,84,16.6
335,Acapulco,MX,16.8634,-99.8901,82.22,78,40,5.75
336,Hithadhoo,MV,-0.6,73.0833,81.91,78,100,17.34
337,Puerto Leguizamo,CO,-0.1934,-74.7819,74.77,96,100,2.06
338,Pangnirtung,CA,66.1451,-65.7125,21.72,76,100,8.14
339,Erdenet,MN,49.0333,104.0833,30.54,68,100,1.99
340,Quatre Cocos,MU,-20.2078,57.7625,71.1,78,89,9.82
341,Sibolga,ID,1.7427,98.7792,75.99,92,100,3.58
342,Okhotsk,RU,59.3833,143.3,25.61,55,100,5.44
343,Seoni Malwa,IN,22.45,77.4667,65.19,60,0,4.27
344,Kaitangata,NZ,-46.2817,169.8464,65.93,65,99,7.56
345,Niamey,NE,13.5137,2.1098,79.54,16,0,11.18
346,Nelson Bay,AU,-32.7167,152.15,74.1,44,0,11.01
347,Smolenka,RU,52.1352,113.4974,17.67,86,100,4.47
348,Mogadishu,SO,2.0371,45.3438,77.67,81,16,7.7
349,Umm Lajj,SA,25.0213,37.2685,79.12,50,9,8.34
350,Chokwe,MZ,-24.5333,32.9833,71.02,74,100,12.66
351,Goderich,CA,43.7501,-81.7165,41.92,60,16,12.68
352,Nkhotakota,MW,-12.9274,34.2961,75.13,52,5,5.5
353,Entre Rios,BR,-11.9419,-38.0844,69.85,98,25,3.44
354,Guzelyurt,TR,38.2772,34.3719,38.59,67,5,4.92
355,Ornskoldsvik,SE,63.2909,18.7153,34.75,100,20,2.3
356,Constantine,DZ,36.365,6.6147,56.61,44,0,2.3
357,Rio Gallegos,AR,-51.6226,-69.2181,41.05,70,0,26.46
358,Laurel,US,39.0993,-76.8483,56.55,79,100,11.5
359,Saint-Francois,FR,46.4154,3.9054,53.67,100,0,2.3
360,Tabou,CI,4.423,-7.3528,76.17,90,80,3.83
361,Tuktoyaktuk,CA,69.4541,-133.0374,13.12,85,100,13.71
362,Moron,AR,-34.6534,-58.6198,76.93,58,82,7.56
363,Port-Cartier,CA,50.0334,-66.8654,41.76,68,67,10.92
364,Itaituba,BR,-4.2761,-55.9836,78.69,77,100,1.39
365,Hit,IQ,33.6416,42.8251,69.89,34,100,9.62
366,Karpathos,GR,35.507,27.2132,66.16,82,0,16.11
367,Nuuk,GL,64.1835,-51.7216,32.61,100,100,26.46
368,La Reforma,MX,25.0833,-108.05,78.33,58,6,10.98
369,Pestovo,RU,58.5938,35.8024,47.16,95,100,7.14
370,Sorland,NO,67.667,12.6934,44.46,76,100,19.35
371,La Massana,AD,42.5667,1.4833,47.66,64,97,2.39
372,Cardston,CA,49.2,-113.3019,40.01,66,92,12.82
373,Askino,RU,56.0901,56.5783,30.85,76,100,5.55
374,Saint-Louis,SN,16.3333,-15.0,89.58,23,0,7.94
375,Panama City,PA,8.9936,-79.5197,80.55,87,20,5.75
376,Tabuk,PH,17.4189,121.4443,75.88,92,100,13.15
377,Phirangipuram,IN,16.3,80.2667,69.22,87,49,4.18
378,Alugan,PH,12.2188,125.4808,81.28,83,100,25.19
379,Saint Anthony,US,45.0205,-93.218,55.78,54,0,8.05
380,Trelew,AR,-43.249,-65.3051,61.07,20,0,23.02
381,Kologriv,RU,58.8275,44.3178,39.34,97,100,8.03
382,Kamenka,RU,51.3223,42.7678,35.31,88,93,4.21
383,Tual,ID,-5.6667,132.75,84.74,71,25,9.66
384,Turayf,SA,31.6725,38.6637,65.95,38,100,8.63
385,Kawalu,ID,-7.3817,108.2082,73.35,85,100,1.92
386,Contai,IN,21.7786,87.7536,66.76,73,0,7.54
387,Karaton,ID,-6.3424,106.1045,79.43,72,99,5.95
388,Buala,SB,-8.145,159.5921,84.2,72,45,4.29
389,Ketchikan,US,55.3422,-131.6461,43.27,70,100,8.05
390,Hami,CN,42.8,93.45,44.11,59,62,6.73
391,Kutum,SD,14.2,24.6667,68.95,28,98,8.34
392,Port Hedland,AU,-20.3167,118.5667,78.85,36,86,21.85
393,Hayrabolu,TR,41.2131,27.1069,51.69,85,0,6.51
394,Bilibino,RU,68.0546,166.4372,1.17,96,100,1.05
395,Honiara,SB,-9.4333,159.95,84.42,72,69,3.83
396,Northam,GB,51.0333,-4.2167,57.61,92,100,11.21
397,Sokolo,ML,14.7328,-6.1219,78.1,17,0,8.75
398,Centralia,US,46.7162,-122.9543,54.63,91,0,0.0
399,Kajaani,FI,64.2273,27.7285,44.65,93,100,5.75
400,Balabac,PH,7.9868,117.0645,82.67,79,100,15.43
401,Ajdabiya,LY,30.7554,20.2263,64.98,63,0,11.25
402,Ulaangom,MN,49.9811,92.0667,28.85,50,76,8.59
403,Partizanskoye,RU,55.5006,94.39,27.66,79,79,10.78
404,Marsala,IT,37.7966,12.4352,67.93,85,3,7.76
405,Xunchang,CN,28.4543,104.715,59.95,90,100,1.61
406,San Rafael,AR,-34.6177,-68.3301,75.79,17,100,6.51
407,Rio Cuarto,AR,-33.1307,-64.3499,76.48,43,0,11.5
408,Yumen,CN,40.2833,97.2,44.56,39,11,4.16
409,Kenai,US,60.5544,-151.2583,26.69,75,0,6.91
410,Constitucion,CL,-35.3333,-72.4167,54.77,92,100,2.98
411,Iglesias,IT,39.3114,8.535,51.22,57,0,3.13
412,Guerrero Negro,MX,27.9769,-114.0611,70.56,60,32,12.46
413,Pierre,US,44.3683,-100.351,58.28,49,0,9.22
414,Skjervoy,NO,70.0311,20.9714,35.6,89,100,14.14
415,Chara,RU,56.9064,118.2631,24.19,57,96,0.72
416,Qaqortoq,GL,60.7167,-46.0333,32.68,97,100,4.07
417,Lodwar,KE,3.1191,35.5973,79.29,64,100,9.53
418,Grand-Santi,GF,4.25,-54.3833,75.4,86,33,3.33
419,Askarovo,RU,53.3372,58.5089,20.35,85,100,6.71
420,Batagay-Alyta,RU,67.8006,130.4114,6.15,91,95,4.61
421,Coesfeld,DE,51.9333,7.15,62.42,85,100,4.72
422,Raudeberg,NO,61.9875,5.1352,52.47,1,100,32.23
423,Mackenzie,CA,55.2999,-123.1698,43.16,50,100,12.12
424,Te Anau,NZ,-45.4167,167.7167,66.0,66,100,2.01
425,Reinosa,ES,42.9996,-4.138,66.45,53,100,6.76
426,Ozd,HU,48.2167,20.3,48.94,88,0,1.43
427,Talara,PE,-4.5772,-81.2719,63.0,89,82,15.21
428,Goundam,ML,16.4145,-3.6708,78.4,13,0,10.33
429,Dunedin,NZ,-45.8742,170.5036,65.16,66,100,5.14
430,Tyukhtet,RU,56.5389,89.3011,25.9,73,83,13.49
431,Okha,RU,53.5739,142.9478,36.95,60,24,10.07
432,Olafsvik,IS,64.8945,-23.7142,41.2,77,100,10.8
433,Killybegs,IE,54.6333,-8.45,52.57,90,31,9.6
434,Varzea Da Palma,BR,-17.5981,-44.7308,79.68,34,60,2.93
435,Khandbari,NP,27.3747,87.2039,59.83,71,0,3.83
436,Izvoarele Sucevei,RO,47.75,25.1833,45.95,81,9,4.56
437,Kushima,JP,31.4583,131.2333,69.85,65,14,11.72
438,Porto Novo,BJ,6.4965,2.6036,77.38,89,98,4.32
439,Viransehir,TR,37.2353,39.7631,59.52,33,68,7.05
440,Monterey,US,36.2505,-121.2516,62.19,35,3,8.9
441,Terme,TR,41.2092,36.9739,51.73,83,57,3.56
442,Mantua,IT,45.1667,10.7833,56.44,77,7,4.9
443,Helong,CN,42.5397,128.9972,43.77,33,0,0.74
444,Nicoya,CR,10.1483,-85.452,75.74,87,28,1.3
445,Yanam,IN,16.7333,82.2167,73.45,84,74,5.08
446,Mandal,IN,25.45,74.5667,69.8,36,0,1.57
447,Palmer,US,42.1584,-72.3287,46.24,82,75,0.0
448,Guaruja,BR,-23.9931,-46.2564,72.19,88,19,2.48
449,Great Yarmouth,GB,52.6083,1.7305,54.01,88,100,7.38
450,Kavieng,PG,-2.5744,150.7967,84.61,71,60,10.11
451,Nueva Loja,EC,0.0847,-76.8828,73.29,98,100,4.43
452,Oranjestad,AW,12.524,-70.027,81.91,80,23,8.34
453,Moyale,KE,3.5167,39.0584,67.05,83,100,3.09
454,Atar,MR,20.5169,-13.0499,84.6,15,0,13.87
455,Tongzi,CN,28.7829,105.0877,61.45,85,100,2.19
456,Amboasary,MG,-25.0333,46.3833,71.56,87,100,5.41
457,Nouadhibou,MR,20.931,-17.0347,73.69,60,9,15.46
458,Sapa,PH,5.1544,120.3241,82.76,85,100,17.83
459,Freetown,SL,8.484,-13.2299,78.49,83,100,5.57
460,Katobu,ID,-4.9408,122.5276,84.7,66,100,4.32
461,Yar-Sale,RU,66.8333,70.8333,21.99,78,30,19.17
462,Kloulklubed,PW,7.0419,134.2556,84.7,77,99,9.73
463,Cobija,BO,-11.0267,-68.7692,74.3,84,100,2.55
464,Sishui,CN,35.6489,117.2758,58.08,56,89,5.12
465,Hirara,JP,24.8,125.2833,79.09,75,81,27.2
466,Sampit,ID,-2.5333,112.95,81.9,79,52,0.74
467,Mandalgovi,MN,45.7625,106.2708,35.22,63,100,6.4
468,Meulaboh,ID,4.1363,96.1285,78.44,88,79,6.35
469,Gorin,RU,51.1983,136.6669,37.15,55,8,3.53
470,Panguna,PG,-6.3164,155.4848,79.86,72,100,2.24
471,Margate,GB,51.3813,1.3862,54.9,93,100,8.57
472,Shingu,JP,33.7333,135.9833,66.04,50,0,3.85
473,Srivardhan,IN,18.0333,73.0167,71.1,57,0,7.56
474,Taltal,CL,-25.4,-70.4833,60.85,74,18,4.99
475,Mgandu,TZ,-5.95,34.1333,64.18,46,99,8.01
476,Paranaiba,BR,-19.6772,-51.1908,78.93,61,90,1.19
477,Martyush,RU,56.4,61.8819,27.75,84,75,5.82
478,Alexandroupoli,GR,40.8475,25.8744,51.62,82,0,4.61
479,Kamaishi,JP,39.2667,141.8833,59.47,53,3,7.23
480,Muzhi,RU,65.3667,64.6667,20.28,84,28,7.05
481,Asfi,MA,32.2994,-9.2372,75.67,36,100,4.54
482,Labuhan,ID,-6.8844,112.2051,79.39,66,100,11.65
483,Dhidhdhoo,MV,6.8833,73.1,81.66,66,29,6.6
484,Atocha,BO,-20.9333,-66.2333,44.92,7,0,10.33
485,Dargaville,NZ,-35.9333,173.8833,75.49,57,41,9.62
486,Kristianstad,SE,56.0313,14.1524,59.14,94,75,10.36
487,Along,IN,28.1667,94.7667,62.46,70,2,1.41
488,Mut,TR,36.6439,33.4389,55.96,49,0,7.9
489,Malakal,SS,9.5334,31.6605,75.49,62,90,1.14
490,Port Augusta,AU,-32.5,137.7667,65.05,45,100,4.32
491,Kaeo,NZ,-35.1,173.7833,70.32,94,77,11.59
492,Morehead,US,37.2711,-87.1764,57.78,80,0,0.0
493,Pietarsaari,FI,63.65,22.6833,42.01,90,100,10.49
494,Sale,MA,34.0389,-6.8166,80.64,32,100,4.61
495,Colac,AU,-38.3333,143.5833,55.17,69,14,12.48
496,Saint-Joseph,RE,-21.3667,55.6167,68.38,73,57,3.89
497,Tenango,MX,18.65,-98.1833,73.35,73,5,3.04
498,Pisco,PE,-13.7,-76.2167,61.02,82,0,11.5
499,Arroyo,ES,41.6096,-4.7969,64.44,53,0,11.5
500,Kemin,KG,42.7846,75.6892,45.41,73,93,5.3
501,Podzvizd,BA,45.1742,15.8736,52.79,88,1,2.21
502,Alta Floresta,BR,-9.8756,-56.0861,71.91,97,100,4.0
503,Vostok,RU,46.4856,135.8833,35.44,74,12,3.31
504,Wajima,JP,37.4,136.9,57.49,62,73,10.04
505,Boden,SE,65.8252,21.6886,33.8,92,100,3.58
506,Coahuayana,MX,18.7333,-103.6833,77.56,88,49,1.63
507,Hovd,MN,48.0056,91.6419,24.78,50,0,5.08
508,Kondinskoye,RU,59.6481,67.41,22.48,97,37,3.85
509,Nyurba,RU,63.2842,118.3319,10.35,92,100,3.8
510,Ilheus,BR,-14.7889,-39.0494,73.96,91,94,5.41
511,Rock Sound,BS,24.9,-76.2,80.37,70,0,17.92
512,Sabya,SA,17.1495,42.6254,82.72,74,13,1.32
513,Trairi,BR,-3.2778,-39.2689,78.94,82,73,12.64
514,Vilyuysk,RU,63.7553,121.6247,5.31,91,23,0.45
515,Totolapa,MX,18.5167,-96.1833,77.43,89,0,4.63
516,Guane,CU,22.2025,-84.0875,74.57,82,13,4.63
517,Pochutla,MX,15.7432,-96.4661,81.82,91,20,2.77
518,Farmington,US,36.7281,-108.2187,50.14,39,0,5.75
519,Kingston,JM,17.997,-76.7936,81.55,81,20,5.75
520,Granville,AU,-33.8333,151.0167,77.22,32,0,19.57
521,Sorong,ID,-0.8833,131.25,84.22,68,100,2.24
522,Orje,NO,59.4802,11.6602,54.36,92,100,12.88
523,Severiano Melo,BR,-5.7772,-37.9578,79.92,63,22,9.42
524,Aripuana,BR,-9.1667,-60.6333,72.88,97,100,1.14
525,Mandiana,GN,10.6333,-8.6833,75.13,63,2,2.46
526,Harper,LR,4.375,-7.7169,76.57,89,50,2.91
527,Flin Flon,CA,54.7682,-101.865,39.63,70,78,7.2
528,Boke,GN,10.9409,-14.2967,75.63,92,100,2.59
529,San Rafael Del Sur,NI,11.8485,-86.4384,75.45,79,16,3.53
530,Komsomolskiy,UZ,40.4272,71.7189,50.72,81,100,4.61
531,Aden,YE,12.7794,45.0367,80.65,62,0,9.19
532,Tallahassee,US,30.4383,-84.2807,73.24,80,40,10.36
533,Roald,NO,62.5833,6.1333,57.0,93,100,33.38
534,Liku,ID,-0.7275,119.8922,85.06,67,100,0.65
535,Mamou,GN,10.5,-12.0,72.64,79,100,1.01
536,Marawi,PH,7.9986,124.2928,72.23,95,100,8.03
537,Vila Velha,BR,-20.3297,-40.2925,76.95,88,20,11.5
538,Kavaratti,IN,10.5669,72.642,81.68,64,85,6.6
539,Rabak,SD,13.1809,32.74,84.58,34,54,8.86
540,Salinopolis,BR,-0.6136,-47.3561,80.73,74,98,14.45
541,Namatanai,PG,-3.6667,152.4333,84.99,71,100,4.41
542,Port Lincoln,AU,-34.7333,135.8667,62.46,60,37,12.06
543,Athabasca,CA,54.7169,-113.2854,45.34,29,84,10.98
544,Umarkot,PK,25.3616,69.7362,74.32,57,62,4.05
545,Bridlington,GB,54.0831,-0.1919,52.9,89,100,1.01
546,Egvekinot,RU,66.3167,-179.1667,10.54,83,100,12.84
547,San Jose,US,37.3394,-121.895,64.69,58,40,13.8
548,Grindavik,IS,63.8424,-22.4338,36.07,93,0,2.3
549,Gorom-Gorom,BF,14.4439,-0.2361,78.94,18,0,9.15
550,Hailar,CN,49.2,119.7,34.09,26,8,4.88
551,Kaka,TM,37.3482,59.6143,58.28,48,8,2.04
552,Magadan,RU,59.5667,150.8,23.29,58,100,3.42
553,Saint-Paul,RE,-21.0096,55.2707,71.69,70,0,3.2
554,Pudozh,RU,61.8099,36.5345,43.7,99,100,4.59
555,Omboue,GA,-1.5746,9.2618,76.59,87,100,2.86
556,Seddon,AU,-37.8068,144.8916,61.66,56,75,17.27
557,Pak Phanang,TH,8.3511,100.202,77.09,88,99,5.32
558,Krasnyy Gulyay,RU,54.0282,48.3333,32.95,99,100,3.06
559,Ixtapa,MX,20.7,-105.2,81.63,69,40,5.75
560,Valparaiso,CL,-33.0393,-71.6273,58.64,67,0,5.75
561,Cuxhaven,DE,53.8718,8.6909,57.4,88,99,9.22
562,Nyaunglebin,MM,17.95,96.7333,76.23,89,29,2.89
563,Jiwani,PK,25.05,61.7417,78.37,76,0,5.93
564,Hokitika,NZ,-42.7167,170.9667,59.74,98,100,19.93
565,Vangaindrano,MG,-23.35,47.6,68.85,91,61,1.5
566,Lodja,CD,-3.4833,23.4333,68.9,99,100,3.47
567,Cayenne,GF,4.9333,-52.3333,77.04,94,0,2.3
568,Gazanjyk,TM,39.2446,55.5154,58.91,84,100,4.81
569,Saint-Anselme,CA,46.6292,-70.9734,39.94,81,79,4.88
570,Maarianhamina,AX,60.0973,19.9348,53.46,94,100,6.91
571,Atasu,KZ,48.6814,71.6433,25.3,67,100,6.64
572,Hofn,IS,64.2539,-15.2082,38.35,66,100,4.94
573,Danielskuil,ZA,-28.1887,23.5395,64.62,57,16,9.08
574,Bowen,AU,-20.0167,148.2333,89.26,42,0,2.93
575,Sechura,PE,-5.5569,-80.8222,63.61,80,21,15.28
576,Turukhansk,RU,65.8167,87.9833,19.87,95,100,14.09
577,Ibra,OM,22.6906,58.5334,70.74,53,0,2.84
578,Farafangana,MG,-22.8167,47.8333,70.03,85,100,4.38
579,Puerto Madryn,AR,-42.7692,-65.0385,59.18,25,100,28.23
580,Kushiro,JP,42.975,144.3747,50.95,100,75,5.75
581,Asau,RO,46.4333,26.4,40.12,87,32,5.82
582,The Pas,CA,53.8251,-101.2541,38.37,77,100,7.09
583,Luancheng,CN,37.8792,114.6517,56.34,62,100,3.47
584,Nabire,ID,-3.3667,135.4833,79.23,87,98,2.46
585,Maragogi,BR,-9.0122,-35.2225,77.79,73,100,8.81
586,Marica,BR,-22.9194,-42.8186,75.11,91,100,4.27
587,Semporna,MY,4.4818,118.6112,83.37,80,100,12.68
588,Mildura,AU,-34.2,142.15,61.07,66,4,12.95
589,Bac Lieu,VN,9.285,105.7244,79.03,83,80,6.4
590,Adre,TD,13.4667,22.2,74.44,24,97,14.56
591,Estelle,US,29.8458,-90.1067,69.8,79,75,8.05
592,Diamantino,BR,-14.4086,-56.4461,78.82,71,84,5.84
593,Almaznyy,RU,48.0448,40.045,41.43,83,100,5.12
594,Necochea,AR,-38.5473,-58.7368,55.11,55,100,7.23
595,Matagami,CA,49.7502,-77.6328,41.2,78,100,14.72
596,Verkhnyaya Inta,RU,65.9811,60.3094,17.26,94,95,6.91
597,Pontianak,ID,-0.0333,109.3333,78.78,88,40,5.75
598,Changqing,CN,36.5575,116.7272,59.49,58,88,2.13
599,Camacha,PT,33.0833,-16.3333,65.62,88,20,5.75
600,Mazatlan,MX,23.2167,-106.4167,82.02,81,0,0.0
601,Qasigiannguit,GL,68.8193,-51.1922,34.05,100,100,7.99
602,Collie,AU,-33.3667,116.15,49.44,94,100,10.27
603,Tessalit,ML,20.1986,1.0114,70.86,22,0,9.31
604,Olavarria,AR,-36.8927,-60.3225,68.02,57,100,2.91
605,Arman,RU,59.7,150.1667,24.55,57,100,3.69
606,Berlevag,NO,70.8578,29.0864,37.4,87,75,11.5
607,Rawson,AR,-43.3002,-65.1023,61.09,20,0,23.02
608,Ponta Delgada,PT,37.7333,-25.6667,58.5,72,20,5.75
609,Shelburne,CA,44.0787,-80.2041,40.6,79,17,6.33
610,Khanpur,PK,28.6453,70.6567,73.58,35,0,8.03
611,Mehamn,NO,71.0357,27.8492,37.35,93,40,5.75
612,Storforshei,NO,66.4043,14.5233,45.66,93,75,3.44
613,Zapolyarnyy,RU,69.4154,30.8136,33.08,99,100,9.42
614,Aquiraz,BR,-3.9014,-38.3911,80.69,81,74,13.91
615,De-Kastri,RU,51.4667,140.7833,39.87,50,5,1.81
616,Hualmay,PE,-11.0964,-77.6139,62.22,83,23,9.26
617,Labytnangi,RU,66.6572,66.4183,17.22,86,74,6.89
618,Akonolinga,CM,3.7667,12.25,66.94,99,100,2.98
619,Araouane,ML,18.9048,-3.5265,74.34,13,0,10.94
620,Dvinskoy,RU,62.1535,45.1175,39.76,98,100,4.74
621,Eureka,US,40.8021,-124.1637,64.74,82,100,2.82
622,Boyabat,TR,41.4689,34.7667,45.43,90,8,1.28
623,Bjornevatn,NO,69.6672,29.9847,35.22,93,100,9.22
624,Shahada,IN,21.55,74.4667,71.98,43,0,2.33
625,Barsovo,RU,61.1667,73.1667,17.73,92,6,6.76
626,Nezhinka,RU,51.7676,55.3694,28.56,80,0,7.0
627,Santarem,BR,-2.4431,-54.7083,78.93,89,0,4.61
628,Emerald,AU,-23.5333,148.1667,86.34,26,0,5.19
629,Port Keats,AU,-14.25,129.55,89.44,56,33,10.49
630,Inongo,CD,-1.95,18.2667,69.71,96,100,1.9
631,Deer Lake,CA,49.1667,-57.4316,39.47,71,4,9.73
632,Galle,LK,6.0367,80.217,76.35,87,100,4.94
633,Victor Harbor,AU,-35.5667,138.6167,62.01,61,6,1.99
634,Saint-Augustin,CA,51.226,-58.6502,39.61,52,4,15.95
635,Petropavlovsk-Kamchatskiy,RU,53.0452,158.6483,43.39,39,20,13.42
636,Longonjo,AO,-12.9067,15.2533,63.66,94,100,1.59
637,Ahuimanu,US,21.4447,-157.8378,83.91,75,12,7.0
638,Beyneu,KZ,45.3167,55.2,48.22,82,100,7.02
639,Leshan,CN,29.5623,103.7639,58.86,93,100,2.91
640,Terney,RU,45.0503,136.6092,42.71,76,100,8.03
641,Dunda,TZ,-8.1167,34.25,64.0,53,89,2.77
642,Koltubanovskiy,RU,52.9407,52.0269,34.3,96,100,3.56
643,Sovetskiy,RU,61.3614,63.5842,26.1,83,16,3.4
644,Ipu,BR,-4.3222,-40.7108,79.36,47,23,6.15
645,Slave Lake,CA,55.2834,-114.769,43.92,36,4,7.74
646,Carutapera,BR,-1.195,-46.02,77.7,81,83,7.83
647,Srednekolymsk,RU,67.45,153.6833,2.5,90,95,1.66
648,Australind,AU,-33.2667,115.7167,53.02,88,100,13.2
649,Royan,FR,45.6285,-1.0281,71.85,65,100,15.95
650,Bayji,IQ,34.9311,43.487,67.75,30,6,7.85
651,Nagato,JP,34.3833,131.2,62.71,62,54,18.43
652,Kaseda,JP,31.4167,130.3167,69.4,55,0,8.88
653,Bubaque,GW,11.2833,-15.8333,82.76,77,100,10.54
654,Hervey Bay,AU,-25.2986,152.8535,79.12,43,0,0.81
655,Mahibadhoo,MV,3.7833,72.9667,81.34,76,41,10.47
656,Hosdurga,IN,13.7981,76.2861,67.82,85,96,2.66
657,Kiomboi,TZ,-4.2667,34.3667,65.17,37,100,5.3
658,Timbiras,BR,-4.2553,-43.9406,76.23,71,85,3.51
659,Hedensted,DK,55.7704,9.7011,53.6,86,13,13.85
660,San Juan,AR,-31.5375,-68.5364,81.9,9,0,7.83
661,Itarema,BR,-2.9248,-39.9167,78.69,82,55,16.49
662,Qalyub,EG,30.1792,31.2056,68.79,77,94,7.34
663,Dole,FR,47.0833,5.5,69.12,94,0,4.61
664,Huarmey,PE,-10.0681,-78.1522,62.44,84,64,7.83
665,Uelzen,DE,52.9667,10.5667,59.34,87,100,7.94
666,Dali,CN,25.7,100.1833,58.28,80,1,1.14
667,Kibala,TD,9.1104,18.3463,75.16,58,99,2.08
668,Aklavik,CA,68.2191,-135.0107,13.82,96,100,3.87
669,Usinsk,RU,65.9939,57.5281,16.86,95,95,10.31
670,Caravelas,BR,-17.7125,-39.2481,75.97,86,9,9.8
671,Karacakoy,TR,41.4029,28.3834,60.67,80,23,10.74
672,Mayo,US,38.8876,-76.5119,56.95,73,100,8.05
673,Puerto Escondido,MX,15.85,-97.0667,80.6,86,29,4.56
674,Kouango,CF,4.9934,19.9619,73.18,93,100,2.17
675,Watsa,CD,3.0372,29.5355,64.65,99,100,1.14
676,Vizinga,RU,61.0749,50.1031,36.07,97,100,9.22
677,Udachnyy,RU,66.4167,112.4,-5.49,97,98,6.49
678,Myitkyina,MM,25.3833,97.4,69.44,72,17,2.53
679,Lebedinyy,RU,58.5167,125.5167,20.62,79,19,5.08
680,Colares,PT,38.7992,-9.4469,70.32,91,30,20.0
681,Berbera,SO,10.4396,45.0143,79.79,67,0,5.64
682,Pemangkat,ID,1.1667,108.9667,80.67,81,100,8.52
683,Lyuban,BY,52.7985,28.0048,47.55,96,97,7.52
684,Ukiah,US,39.1502,-123.2078,64.29,37,0,4.61
685,Fukue,JP,32.6881,128.8419,68.36,60,20,16.11
686,Boulder City,US,35.9786,-114.8325,65.05,16,0,0.0
687,Shitkino,RU,56.3703,98.3543,29.53,86,94,8.05
688,Breves,BR,-1.6822,-50.4803,77.81,70,90,4.54
689,Buraydah,SA,26.326,43.975,66.65,18,0,4.83
